username,repository
Muminov-Ikrom,laravel/breeze
vercel,lensterxyz/lenster
salinga,salinga/demo-jenkins
cloobTech,cloobTech/alx-low_level_programming
thekopufa,thekopufa/Ea0jZkeD9U
mojahige,mojahige/elm-spa-test
mnmbhf3289,mnmbhf3289/ntdtv
wilhelm-murdoch,wilhelm-murdoch/dq
dependabot,carstenartur/Rocket.Chat.ReactNative
bodycohl,bodycohl/legs-fit
yinuo01,adazzle/react-data-grid
rko281,rko281/Porpoise
release-please,googleapis/java-secretmanager
yakir12,yakir12/SkyRoomsGtk
LauShingHung,ourCodeTherapy/likewise-app-react-firebase
Kishoiyan-Charity1,akirachix/Red-wings
emmahsax,dispatchitinc/devise_revocable_session
xaviliz,Alia-morsi/leakage_removal
sonarcloud,DSM-DECONHUB/deconhub-server
ceriy1st,ceriy1st/ceriy1st1V17078
mnmbhf3289,mnmbhf3289/djy
kyma-bot,kyma-project/lifecycle-manager
inmadv02,inmadv02/Netflix
LarsDwars,legomannetje/Innovum-Git-Course
MaryShtayn,MaryShtayn/goit-markup-hw-08
yeonbok,openvinotoolkit/openvino
KrasimirDmtr,KrasimirDmtr/Programming-Fundamentals-JS-Sept
tahaaa12,tahaaa12/ping
xiuxi,xiuxi/java
yakir12,yakir12/SkyRoomsGtk
github-actions,RibonDAO/core-api
github-actions,chekos/spotify-git-scraping
JakeBenson,fihristorg/fihrist-mss
github-actions,GabrielMullerDS/GabrielMullerDS
rbngzlv,nov/rack-locale_memorable
esalesg,esalesg/product-feed
dependabot,ernieturner/DefinitelyTyped
OxiCuza,OxiCuza/oxicuza.github.io
yeonbok,openvinotoolkit/openvino
github-actions,brocjad/pub_hofs
brollb,webgme/webgme-taxonomy
im-renpei,Ry0/ompl_python_tutorial
thekonon,thekonon/NJLearner
sun9zzang,sun9zzang/fastapi_prtc
fleef-me,fleef-me/TgBackUP
Lawsenge,Lawsenge/newProject
dummdidumm,sveltejs/language-tools
DenkingOfficial,yownas/seed_travel
blessing-law,blessing-law/alx-low_level_programming
fshowalter,fshowalter/franksbooklog.com
dschmitz89,dschmitz89/scipy
orangemn6,orangemn6/uptime-monitor
rohithsprabhu,rohithsprabhu/hacktoberfest2021
Rs5611,Rs5611/KYUSYU
limjae,limjae/weatherAccuracy
kknitteltest,kknitteltest/hardhat-smartcontract-lottery-fcc
rdstl,rdstl/prueba
sambarba99,sambarba99/spare-time-projects
dduta065,dduta065/resume-site
indianatoms,indianatoms/FL-PCAP-Analysis
zicklag,fishfolks/punchy
github-actions,Xeruloudon/Xeruloudon
joshrdane,joshrdane/tere
Acatus-dev,Unice-SIL/esup-sport
berrua,alexandresanlim/Badges4-README.md-Profile
andyMrtnzP,browserless/chrome
openshift-ci,openshift/openshift-apiserver
harryEth,magiclabs/example-ethers
kchxr1st,kchxr1st/kchxr1st4565
remyd1,t1anz0ng/iftree
dependabot,chimpaji/trpc-prisma-starter
delhage,delhage/gcp-terraform
DoctorLi2042,NEST-Protocol/NEST-PVM-Web-User-Interface
ph00lt0,ph00lt0/blocklist
DeVriesMatt,MagniViT/MagniViT
joivo,convictional/trigger-workflow-and-wait
t1dmlgus,t1dmlgus/wanted-pre-onboarding-challenge-be-task-October
uftd456,uftd456/hu24vr1z9y
jessicajaniuk,angular/angular
Jon83Carvalho,Jon83Carvalho/DataAndArt
BohdanBodakva,BohdanBodakva/web-labs
dependabot,binden-js/binden
marco76tv,laraxot/module_theme
renovate,entur/extime
stachada,Developer-Y/cs-video-courses
uftd111,uftd111/t2j4HuFmWq
vuminhtoan2001,vuminhtoan2001/Hotel-Booking-App
wylu,wylu/kubeans
nikBaben,nikBaben/Game-school-project-
Pat-Brennan,Pat-Brennan/Udemy-Python-Bootcamp
